Date,Close/Last,Volume,Open,High,Low,Day
2/24/2020,95.91,8364218,95.54,97.07,95.25,1
2/25/2020,92.90,9602121,96.35,96.76,92.62,2
2/26/2020,92.00,9308916,93.08,94.65,91.99,3
2/27/2020,88.55,12825660,90.00,93.06,88.50,4
2/28/2020,89.38,16565660,86.03,89.47,85.15,5
3/2/2020,92.68,14102050,89.60,93.14,87.91,6
3/3/2020,90.93,14767610,92.74,94.98,90.57,7
3/4/2020,93.79,6904443,92.08,93.82,90.84,8
3/5/2020,90.58,8851096,91.26,91.68,89.94,9
3/6/2020,88.36,12336710,88.36,89.39,85.88,10
3/9/2020,84.11,13272740,81.89,86.74,80.92,11
3/10/2020,88.30,12755880,86.69,88.40,82.88,12
3/11/2020,84.00,16172670,84.00,84.63,82.07,13
3/12/2020,74.20,21534810,78.23,78.49,73.00,14
3/13/2020,75.58,21859580,78.20,78.20,71.76,15
3/16/2020,66.79,17976680,65.28,72.97,63.37,16
3/17/2020,69.84,17122100,67.51,73.33,62.40,17
3/18/2020,68.04,19498810,64.79,68.33,60.00,18
3/19/2020,70.34,16177150,67.04,72.71,64.15,19
3/20/2020,67.45,15761860,71.51,74.06,67.20,20
3/23/2020,62.80,17690000,65.00,66.88,60.58,21
3/24/2020,72.33,18849460,65.70,72.66,64.00,22
3/25/2020,79.01,27053250,80.11,83.49,76.20,23
3/26/2020,84.30,17204690,80.17,86.86,80.01,24
3/27/2020,83.23,14183380,81.70,85.74,79.51,25
3/30/2020,85.38,10960130,84.00,85.96,81.50,26
3/31/2020,82.74,9618581,85.13,85.73,82.40,27
4/1/2020,79.23,9771306,79.49,81.18,78.53,28
4/2/2020,80.14,12731460,79.00,81.60,77.16,29
4/3/2020,78.86,8476870,79.36,79.79,77.91,30
4/6/2020,84.63,11266500,81.91,85.04,81.21,31
4/7/2020,84.16,10468060,88.70,88.87,84.03,32
4/8/2020,85.30,6642735,84.70,85.77,83.61,33
4/9/2020,86.79,7773978,86.69,87.39,85.16,34
4/13/2020,84.46,5077961,85.80,85.99,84.14,35
4/14/2020,87.47,6397244,85.95,87.77,85.48,36
4/15/2020,85.04,8053875,84.87,85.88,83.71,37
4/16/2020,86.30,9373831,85.43,86.53,84.55,38
4/17/2020,89.91,8111384,89.00,90.25,88.36,39
4/20/2020,87.90,7244372,88.43,89.44,87.52,40
4/21/2020,85.20,6596992,85.99,86.90,85.09,41
4/22/2020,88.77,6463929,86.98,89.44,86.42,42
4/23/2020,87.35,5343535,88.94,89.53,87.26,43
4/24/2020,88.37,4450191,88.89,89.12,87.65,44
4/27/2020,89.37,6875240,88.38,89.87,87.31,45
4/28/2020,88.80,5145355,90.55,90.71,88.63,46
4/29/2020,88.07,9461406,90.00,91.39,87.83,47
4/30/2020,87.18,9371430,87.00,88.00,86.51,48
5/1/2020,85.54,6151242,85.67,86.11,84.81,49
5/4/2020,85.75,6349037,84.68,85.80,84.31,50
5/5/2020,87.20,6321466,86.54,88.53,86.03,51
5/6/2020,88.44,7342304,88.05,88.69,87.43,52
5/7/2020,88.56,4566317,89.40,90.24,88.38,53
5/8/2020,90.46,5489391,90.11,90.64,89.59,54
5/11/2020,90.93,4937550,89.45,91.42,89.14,55
5/12/2020,88.26,5622578,91.53,91.67,88.15,56
5/13/2020,86.02,6739827,87.38,87.74,85.20,57
5/14/2020,86.55,7431774,85.00,86.58,84.11,58
5/15/2020,86.99,9164990,85.25,87.23,84.88,59
5/18/2020,91.04,8519615,90.49,91.60,89.88,60
5/19/2020,91.51,6514141,90.85,93.82,90.82,61
5/20/2020,92.95,6346990,93.20,93.86,92.70,62
5/21/2020,94.26,7504258,92.88,94.38,92.37,63
5/22/2020,93.75,4049578,94.42,94.65,93.35,64
5/26/2020,96.62,7185192,95.98,97.43,95.28,65
5/27/2020,99.87,7915885,98.12,99.99,97.62,66
5/28/2020,98.46,7262328,100.09,100.69,98.25,67
5/29/2020,98.58,10333350,98.19,99.25,96.93,68
6/1/2020,99.54,4299739,98.40,99.78,97.89,69
6/2/2020,100.74,10798730,99.42,100.88,98.82,70
6/3/2020,104.11,5867680,101.26,104.55,101.12,71
6/4/2020,101.28,8775038,103.66,103.90,100.47,72
6/5/2020,102.71,8363601,104.00,104.69,102.13,73
6/8/2020,104.29,6165363,103.05,104.30,102.71,74
6/9/2020,102.63,5385911,102.82,103.77,102.43,75
6/10/2020,102.12,5194156,103.00,103.15,101.71,76
6/11/2020,95.17,10976920,98.38,98.99,94.88,77
6/12/2020,96.43,7416393,97.80,97.80,94.74,78
6/15/2020,97.84,8647885,93.90,98.08,93.44,79
6/16/2020,99.04,6056391,101.25,101.34,97.72,80
6/17/2020,99.21,3405545,99.00,100.24,98.89,81
6/18/2020,98.45,4392371,98.69,99.42,97.85,82
6/19/2020,95.78,10302900,99.97,99.98,95.78,83
6/22/2020,99.51,6918184,96.85,99.54,96.02,84
6/23/2020,101.92,6498975,101.15,102.22,100.71,85
6/24/2020,100.08,8611585,100.94,101.85,98.09,86
6/25/2020,101.40,11531400,99.23,101.68,98.80,87
6/26/2020,93.67,24918520,98.50,98.78,93.57,88
6/29/2020,95.87,9624172,93.70,96.00,93.70,89
6/30/2020,98.05,9065532,96.00,98.30,95.64,90
7/1/2020,97.40,5733768,98.50,98.72,97.11,91
7/2/2020,98.43,5355296,98.78,99.66,98.02,92
7/6/2020,99.95,4995015,99.62,100.03,99.04,93
7/7/2020,97.07,6352887,99.22,99.55,96.92,94
7/8/2020,98.84,5634590,97.50,98.98,96.96,95
7/9/2020,96.99,6282261,98.55,98.91,96.37,96
7/10/2020,97.99,3967111,97.00,98.05,95.72,97
7/13/2020,96.46,4845621,98.25,98.94,96.26,98
7/14/2020,96.76,4850623,96.33,97.25,95.51,99
7/15/2020,98.54,5343651,98.41,99.04,97.31,100
7/16/2020,97.26,3595025,97.50,98.23,97.04,101
7/17/2020,96.28,7406714,96.95,97.23,96.04,102
7/20/2020,95.65,5822281,95.50,96.35,95.11,103
7/21/2020,98.36,5857099,96.92,99.00,96.10,104
7/22/2020,98.91,4097303,98.16,98.99,97.91,105
7/23/2020,98.30,4530464,98.35,100.18,97.72,106
7/24/2020,98.43,5638435,98.14,99.36,97.70,107
7/27/2020,97.21,4273442,96.96,98.40,96.89,108
7/28/2020,96.27,3822584,96.95,97.47,96.16,109
7/29/2020,96.97,6872745,96.43,97.55,96.30,110
7/30/2020,96.82,4018367,96.47,97.23,95.80,111
7/31/2020,97.61,5510394,96.89,97.65,96.30,112
8/3/2020,98.33,5474074,98.03,99.29,97.82,113
8/4/2020,97.33,7539319,97.79,97.95,96.55,114
8/5/2020,100.94,7227111,97.12,101.25,97.08,115
8/6/2020,100.45,4061160,100.64,101.18,100.03,116
8/7/2020,101.86,5545605,101.00,101.91,99.89,117
8/10/2020,105.41,12677960,102.47,106.83,102.40,118
8/11/2020,105.12,5400716,106.85,107.33,104.86,119
8/12/2020,105.22,4715042,105.72,105.89,103.38,120
8/13/2020,106.52,4281727,105.30,106.99,105.20,121
8/14/2020,106.43,2985847,106.12,106.78,105.46,122
8/17/2020,105.66,3017135,106.50,106.50,105.12,123
8/18/2020,106.97,5023006,106.46,107.00,105.47,124
8/19/2020,108.39,9508077,107.69,109.69,107.35,125
8/20/2020,108.01,4304290,107.56,108.74,107.35,126
8/21/2020,109.75,5563994,108.00,109.77,107.75,127
8/24/2020,111.83,8173259,110.00,112.00,109.90,128
8/25/2020,111.51,4380921,112.00,112.28,111.09,129
8/26/2020,111.53,4477854,111.92,112.09,111.29,130
8/27/2020,110.84,4391019,111.99,112.79,110.50,131
8/28/2020,112.29,3731407,111.01,112.67,110.57,132
8/31/2020,111.89,3519833,112.14,112.52,111.14,133
9/1/2020,114.84,4913969,112.00,114.90,111.83,134
9/2/2020,116.80,6775355,115.06,117.41,114.50,135
9/3/2020,112.85,7264372,116.80,116.90,112.00,136
9/4/2020,112.40,5157736,112.96,113.75,110.21,137
9/8/2020,112.72,5300108,111.29,113.84,110.54,138
9/9/2020,114.90,5997890,113.02,116.21,112.83,139
9/10/2020,114.79,5033067,115.90,118.23,114.00,140
9/11/2020,118.00,8565234,116.76,119.25,116.42,141
9/14/2020,119.28,4990315,118.50,119.93,118.17,142
9/15/2020,119.27,5934181,119.70,120.48,119.18,143
9/16/2020,118.59,7027588,118.31,119.69,118.16,144
9/17/2020,116.36,7376390,117.34,118.55,115.80,145
9/18/2020,114.66,12876570,115.43,117.91,114.49,146
9/21/2020,113.37,8486367,112.95,114.06,111.74,147
9/22/2020,116.87,13007210,113.10,117.20,112.85,148
9/23/2020,127.11,37822650,130.22,130.38,125.26,149
9/24/2020,124.75,13485770,126.44,127.54,123.30,150
9/25/2020,124.23,9182784,123.65,124.75,122.27,151
9/28/2020,124.32,7524978,125.16,126.19,123.89,152
9/29/2020,126.35,7799668,124.34,127.10,123.96,153
9/30/2020,125.54,8699679,126.10,127.28,125.16,154
10/1/2020,126.64,5637175,127.73,127.73,125.31,155
10/2/2020,126.64,7491067,124.35,126.80,123.59,156
10/5/2020,127.91,8270269,127.07,128.50,126.45,157
10/6/2020,127.65,5978001,128.84,130.44,127.27,158
10/7/2020,130.06,4390483,128.40,130.41,128.25,159
10/8/2020,129.71,3595578,130.40,130.93,129.51,160
10/9/2020,130.98,4293374,129.99,131.19,129.33,161
10/12/2020,129.46,5136511,131.19,131.34,129.26,162
10/13/2020,129.20,4245130,128.05,129.87,127.96,163
10/14/2020,127.66,3587295,129.53,129.60,127.01,164
10/15/2020,129.00,4236054,126.48,129.10,126.11,165
10/16/2020,128.00,6011173,129.51,130.19,127.55,166
10/19/2020,127.43,5160899,129.10,129.78,127.05,167
10/20/2020,128.49,3800038,128.00,129.90,127.72,168
10/21/2020,129.43,4916342,128.50,131.38,128.45,169
10/22/2020,130.02,2870984,129.60,130.26,128.86,170
10/23/2020,129.99,4046580,130.00,130.60,128.65,171
10/26/2020,128.37,5422455,129.06,129.62,126.68,172
10/27/2020,127.99,2985686,128.78,129.49,127.90,173
10/28/2020,122.08,8618312,125.28,126.40,121.04,174
10/29/2020,122.86,4947049,122.28,124.19,121.15,175
10/30/2020,120.08,7792405,123.66,123.66,118.80,176
11/2/2020,122.39,4740373,122.37,124.10,121.10,177
11/3/2020,124.59,3490891,124.01,125.50,123.19,178
11/4/2020,127.34,5061798,125.33,128.93,125.26,179
11/5/2020,129.70,3940003,129.19,130.41,128.46,180
11/6/2020,128.90,2954049,129.91,129.91,128.35,181
11/9/2020,128.95,7491728,135.06,136.35,128.77,182
11/10/2020,127.71,8014744,130.05,130.12,126.25,183
11/11/2020,127.66,6058668,128.69,129.80,127.18,184
11/12/2020,126.64,4797416,126.62,127.84,125.63,185
11/13/2020,128.28,3986719,127.91,128.60,126.83,186
11/16/2020,130.11,6116435,129.46,130.32,127.37,187
11/17/2020,132.21,7002945,130.48,132.60,129.11,188
11/18/2020,131.63,5573008,133.07,133.98,131.53,189
11/19/2020,131.91,4642765,131.92,132.11,129.93,190
11/20/2020,132.98,4320046,133.30,133.53,131.91,191
11/23/2020,134.13,6119342,134.38,134.89,133.09,192
11/24/2020,134.70,7205789,135.00,135.99,134.21,193
11/25/2020,135.54,4484836,134.25,135.80,133.62,194
11/27/2020,134.25,3506832,136.00,136.13,133.34,195
11/30/2020,134.70,9652509,133.91,135.29,132.69,196
12/1/2020,135.44,3834460,136.44,136.50,134.75,197
12/2/2020,135.58,4132965,135.16,136.32,134.67,198
12/3/2020,136.96,4930860,135.10,137.95,135.00,199
12/4/2020,137.19,4344036,137.08,137.40,135.64,200
12/7/2020,138.75,4590776,137.00,138.86,136.80,201
12/8/2020,139.12,6953582,138.24,140.44,137.65,202
12/9/2020,138.79,4341305,140.57,140.57,138.27,203
12/10/2020,137.58,4511003,138.28,139.14,137.24,204
12/11/2020,137.41,4172439,137.39,138.14,136.23,205
12/14/2020,136.28,7598952,138.92,139.00,136.20,206
12/15/2020,139.39,7642595,137.43,139.44,137.25,207
12/16/2020,138.34,6573449,139.07,140.49,137.46,208
12/17/2020,140.50,8726997,139.92,140.74,138.75,209
12/18/2020,137.28,17970790,141.09,141.14,137.17,210
12/21/2020,144.02,16111270,144.82,147.95,142.51,211
12/22/2020,142.45,6341604,143.05,143.47,141.09,212
12/23/2020,141.76,3388279,142.56,143.60,141.70,213
12/24/2020,141.60,1821900,141.10,142.19,141.10,214
12/28/2020,142.43,4081534,142.54,142.92,141.04,215
12/29/2020,141.57,3232430,142.83,143.06,140.43,216
12/30/2020,141.58,3052122,142.16,142.61,140.66,217
12/31/2020,141.47,2949915,141.70,141.79,140.37,218
1/4/2021,140.10,6178517,142.85,142.97,138.32,219
1/5/2021,141.23,4163149,138.60,141.66,138.60,220
1/6/2021,142.35,6072939,141.25,143.57,139.53,221
1/7/2021,144.95,5256940,143.20,145.64,143.00,222
1/8/2021,146.35,3950741,145.55,146.82,144.90,223
1/11/2021,147.05,4254143,146.00,147.10,144.80,224
1/12/2021,145.05,3678834,146.50,146.85,144.38,225
1/13/2021,143.04,3330127,144.83,145.13,142.43,226
1/14/2021,141.30,4104024,143.66,144.90,140.93,227
1/15/2021,140.72,6412351,140.56,142.38,139.88,228
1/19/2021,139.27,6537800,140.99,141.22,138.41,229
1/20/2021,142.80,4654404,140.38,143.21,140.01,230
1/21/2021,141.61,4013667,142.41,143.81,141.13,231
1/22/2021,139.35,4150453,141.09,141.88,139.31,232
1/25/2021,137.55,5998739,138.99,139.18,134.74,233
1/26/2021,135.10,5312341,137.76,137.85,134.71,234
1/27/2021,131.02,7815862,132.22,132.86,130.27,235
1/28/2021,134.72,6244598,132.36,136.37,131.50,236
1/29/2021,133.59,7166051,133.95,135.03,132.15,237
2/1/2021,135.71,4366833,135.37,136.05,133.30,238
2/2/2021,139.59,7132823,137.06,139.86,136.75,239
2/3/2021,138.63,4678553,139.70,140.06,138.01,240
2/4/2021,140.63,4533707,139.55,141.05,138.92,241
2/5/2021,145.11,6151478,141.34,145.57,141.29,242
2/8/2021,143.41,6304300,145.15,145.88,142.80,243
2/9/2021,141.79,3436347,143.60,144.22,141.70,244
2/10/2021,142.46,4125714,142.45,142.60,140.90,245
2/11/2021,143.54,3828731,143.00,144.35,142.41,246
2/12/2021,142.12,3636966,143.11,143.45,141.40,247
2/16/2021,141.71,4873364,143.37,143.37,141.03,248
2/17/2021,143.99,6438432,141.30,144.56,140.21,249
2/18/2021,145.09,4487139,142.98,145.39,141.21,250
2/19/2021,142.02,7485950,145.43,145.50,141.50,251
2/22/2021,136.67,8985889,141.54,142.46,136.26,252
2/23/2021,136.13,10364140,136.03,136.83,131.58,253
2/24/2021,135.65,6360911,135.06,135.96,133.95,254
2/25/2021,135.54,5674302,137.60,139.18,134.53,255
2/26/2021,134.78,6650210,135.90,136.85,133.36,256
3/1/2021,137.65,5717793,135.64,139.15,135.50,257
3/2/2021,137.02,5292900,137.56,138.26,135.61,258
3/3/2021,134.26,4888379,137.09,137.41,134.15,259
3/4/2021,132.04,7181486,134.00,135.13,130.18,260
3/5/2021,133.35,5957148,133.54,133.68,129.19,261
3/8/2021,134.56,4983035,133.64,135.63,132.37,262
3/9/2021,135.95,5977764,135.51,138.00,135.45,263
3/10/2021,137.59,4519576,136.50,138.20,136.10,264
3/11/2021,141.19,5696538,139.18,142.20,138.56,265
3/12/2021,140.45,4143150,140.00,140.91,138.60,266
3/15/2021,144.94,5417218,140.70,145.00,140.67,267
3/16/2021,144.65,5622963,145.88,146.15,143.84,268
3/17/2021,144.82,5134378,143.20,146.15,143.20,269
3/18/2021,143.17,10279420,144.37,146.66,142.55,270
3/19/2021,137.49,24980360,140.00,142.86,135.51,271
3/22/2021,138.27,7537298,137.63,138.81,136.03,272
3/23/2021,137.12,5582625,138.49,140.64,136.55,273
3/24/2021,133.16,8157637,136.45,137.92,132.88,274
3/25/2021,128.64,18475800,127.05,129.39,125.44,275
3/26/2021,132.99,10010470,131.60,133.19,129.77,276
3/29/2021,133.49,7153914,132.94,133.91,130.66,277
3/30/2021,132.95,6026601,132.35,133.35,131.22,278
3/31/2021,132.89,6878936,133.09,134.18,131.92,279
4/1/2021,132.53,5720557,134.69,134.69,132.21,280
4/5/2021,135.12,5508931,133.10,135.68,133.10,281
4/6/2021,137.16,4670099,135.44,137.71,134.93,282
4/7/2021,136.54,6646002,136.99,138.24,136.36,283
4/8/2021,133.68,8748392,137.28,137.31,133.41,284
4/9/2021,135.45,6056769,133.94,135.50,133.50,285
4/12/2021,136.64,5638234,134.75,136.90,134.22,286
4/13/2021,133.54,8778164,135.60,135.99,133.40,287
4/14/2021,132.26,7354084,133.54,134.18,131.82,288
4/15/2021,133.67,6285030,133.00,134.07,132.68,289
4/16/2021,134.31,6852498,134.71,134.77,133.73,290
4/19/2021,132.57,5613592,134.30,134.38,132.15,291
4/20/2021,127.11,13268680,129.17,129.90,125.70,292
4/21/2021,129.90,7110855,127.59,130.33,127.37,293
4/22/2021,129.18,6442917,129.89,130.37,127.98,294
4/23/2021,130.19,7489517,128.93,130.65,128.46,295
4/26/2021,131.60,8217807,130.49,131.70,129.32,296
4/27/2021,132.11,5833092,132.00,132.79,131.41,297
4/28/2021,130.71,8195648,132.26,132.33,130.35,298
4/29/2021,133.26,6612461,131.77,134.12,131.23,299
4/30/2021,132.62,5643809,132.44,133.88,132.05,300
5/3/2021,133.03,5052987,133.37,134.45,132.59,301
5/4/2021,131.55,6129539,132.23,132.59,130.48,302
5/5/2021,132.21,4218037,132.70,134.22,132.08,303
5/6/2021,133.49,5200987,132.60,133.84,131.94,304
5/7/2021,137.81,10566670,135.00,139.36,134.72,305
5/10/2021,136.40,5669327,138.00,138.90,136.30,306
5/11/2021,137.12,8045369,138.38,138.38,135.01,307
5/12/2021,133.39,5865117,135.42,136.82,133.34,308
5/13/2021,133.61,6284732,133.70,135.03,132.49,309
5/14/2021,135.93,4367939,134.34,136.68,134.05,310
5/17/2021,136.41,3933093,136.33,137.07,135.50,311
5/18/2021,135.56,5664910,136.44,137.47,135.45,312
5/19/2021,132.96,5582288,133.48,133.97,131.96,313
5/20/2021,133.27,4934804,133.78,134.21,132.19,314
5/21/2021,132.66,5329741,133.83,134.17,132.41,315
5/24/2021,134.06,4313241,133.10,134.35,132.81,316
5/25/2021,134.32,4885772,134.94,135.17,133.85,317
5/26/2021,136.89,6781520,135.20,137.92,135.00,318
5/27/2021,136.56,12882610,137.55,138.31,136.46,319
5/28/2021,136.46,4154634,136.24,137.36,136.09,320
6/1/2021,134.51,5577919,137.85,138.05,134.21,321
6/2/2021,134.17,5226155,134.59,135.49,133.53,322
6/3/2021,134.17,5027442,133.20,134.69,132.51,323
6/4/2021,133.74,5217054,134.50,134.94,132.28,324
6/7/2021,133.95,3764986,134.00,135.20,133.45,325
6/8/2021,133.35,4915234,134.69,134.72,132.41,326
6/9/2021,131.84,6448442,133.62,134.90,131.45,327
6/10/2021,130.98,6584125,131.50,132.57,130.19,328
6/11/2021,131.94,5414527,131.50,131.99,130.53,329
6/14/2021,131.36,5743631,131.70,132.05,130.13,330
6/15/2021,130.29,5168054,131.54,131.75,129.83,331
6/16/2021,130.40,7915479,130.30,131.17,129.60,332
6/17/2021,128.92,8568107,129.24,129.88,127.86,333
6/18/2021,128.41,9784780,126.68,129.03,126.68,334
6/21/2021,130.08,6288511,129.24,130.77,128.70,335
6/22/2021,132.48,6043753,130.83,132.69,130.13,336
6/23/2021,133.10,4565993,132.81,133.70,132.21,337
6/24/2021,133.60,11420510,133.90,134.82,132.90,338
6/25/2021,154.35,46285440,152.41,154.59,150.48,339
6/28/2021,152.36,13133260,153.92,154.05,151.51,340
6/29/2021,155.95,10279900,153.26,156.40,152.91,341
6/30/2021,154.49,10281800,154.79,155.34,153.52,342
7/1/2021,158.00,9011480,154.07,158.21,153.89,343
7/2/2021,159.74,6397392,158.21,159.97,157.64,344
7/6/2021,160.11,6670979,159.92,160.44,157.86,345
7/7/2021,160.16,5408252,160.16,161.50,158.28,346
7/8/2021,160.63,6081641,158.17,160.82,157.35,347
7/9/2021,161.00,5002326,161.69,161.96,160.51,348
7/12/2021,161.82,4992241,161.64,162.43,160.71,349
7/13/2021,161.59,5747737,161.35,162.31,161.01,350
7/14/2021,161.54,4928009,161.87,162.73,161.34,351
7/15/2021,161.69,6432687,160.86,162.20,160.39,352
7/16/2021,159.85,6603680,161.62,161.70,159.64,353
7/19/2021,157.87,7377137,158.15,158.82,156.60,354
7/20/2021,159.74,4629228,157.26,160.43,156.58,355
7/21/2021,161.08,5393267,160.50,161.43,160.01,356
7/22/2021,163.68,4851541,161.11,163.75,160.93,357
7/23/2021,166.36,4217669,164.35,166.45,163.73,358
7/26/2021,165.09,3858810,165.71,166.53,163.82,359
7/27/2021,164.57,4358969,164.82,165.61,162.58,360
7/28/2021,165.46,4093570,164.49,165.90,164.08,361
7/29/2021,166.99,3605614,165.90,167.03,165.39,362
7/30/2021,167.51,5364522,166.59,167.87,166.35,363
8/2/2021,168.75,5532475,169.06,169.98,168.03,364
8/3/2021,171.23,5718127,169.22,171.50,168.49,365
8/4/2021,171.91,4646201,171.36,172.34,170.96,366
8/5/2021,173.85,3823951,171.41,174.00,171.18,367
8/6/2021,172.80,4088665,174.36,174.38,172.70,368
8/9/2021,171.77,3612846,172.50,173.06,171.62,369
8/10/2021,172.27,3747136,171.56,173.96,171.43,370
8/11/2021,171.27,4078286,172.00,173.22,170.94,371
8/12/2021,170.64,3997622,170.89,171.32,169.48,372
8/13/2021,171.69,2966195,170.45,171.72,168.78,373
8/16/2021,172.36,3530689,170.70,172.40,169.66,374
8/17/2021,170.66,3602883,171.54,171.70,169.38,375
8/18/2021,168.81,5487423,169.75,171.80,168.66,376
8/19/2021,165.59,7336494,166.96,167.54,164.37,377
8/20/2021,167.79,4039236,166.27,168.01,165.42,378
8/23/2021,169.72,3796644,169.45,170.90,169.18,379
8/24/2021,169.98,3133113,169.60,170.87,168.89,380
8/25/2021,169.84,3003829,170.00,170.69,169.53,381
8/26/2021,166.92,4069624,169.38,169.52,166.27,382
8/27/2021,167.58,3012424,167.27,168.07,166.28,383
8/30/2021,168.03,3537067,167.89,168.41,166.57,384
8/31/2021,164.74,7545629,167.55,167.68,164.20,385
9/1/2021,164.56,4706527,164.92,166.62,164.08,386
9/2/2021,163.67,4632856,165.24,165.43,162.79,387
9/3/2021,163.29,4254656,163.20,164.17,162.22,388
9/7/2021,162.64,5649012,163.70,163.86,161.91,389
9/8/2021,160.71,6591715,162.00,162.09,159.75,390
9/9/2021,163.34,8414827,165.26,166.15,163.20,391
9/10/2021,163.59,4252054,164.25,165.66,163.44,392
9/13/2021,159.52,8814461,161.56,162.92,158.33,393
9/14/2021,158.76,5323906,159.17,159.39,157.07,394
9/15/2021,157.91,6827120,157.50,158.32,155.67,395
9/16/2021,157.60,5085953,157.59,159.01,157.20,396
9/17/2021,156.42,7947833,157.96,161.00,156.07,397
9/20/2021,154.25,7041151,153.73,155.27,152.32,398
9/21/2021,155.02,5857946,155.09,156.13,153.58,399
9/22/2021,157.44,6844752,156.79,158.00,155.60,400
9/23/2021,159.58,11981520,158.71,160.29,158.27,401
9/24/2021,149.59,26913310,151.04,151.85,148.00,402
9/27/2021,148.04,11479260,149.51,149.91,147.29,403
9/28/2021,145.30,10692290,147.34,147.53,145.00,404
9/29/2021,146.02,7794925,145.71,147.94,145.69,405
9/30/2021,145.23,10135900,145.88,147.48,144.42,406
10/1/2021,147.06,8112276,145.22,148.00,144.37,407
10/4/2021,147.14,7950980,147.06,147.62,145.76,408
10/5/2021,149.46,10881850,148.00,151.00,147.82,409
10/6/2021,148.80,7610726,148.00,149.46,147.51,410
10/7/2021,151.85,7958039,150.30,153.66,150.26,411
10/8/2021,152.48,6333747,152.22,152.87,150.67,412
10/11/2021,150.28,5551181,151.99,153.59,150.06,413
10/12/2021,153.35,7408556,152.42,153.60,151.30,414
10/13/2021,156.30,8457480,154.32,156.67,153.16,415
10/14/2021,157.14,6025600,158.18,158.46,156.25,416
10/15/2021,158.01,5532311,157.80,158.33,156.56,417
10/18/2021,159.43,5765540,157.31,159.47,155.95,418
10/19/2021,157.82,6198206,159.68,159.93,156.80,419
10/20/2021,158.45,4486964,158.50,158.80,157.33,420
10/21/2021,162.18,6121675,158.45,162.34,158.28,421
10/22/2021,163.48,5323021,162.28,164.62,162.28,422
10/25/2021,164.22,3878246,163.23,164.73,162.66,423
10/26/2021,163.79,4711228,164.82,165.45,163.12,424
10/27/2021,162.35,4163853,163.65,164.06,161.66,425
10/28/2021,164.46,3762035,163.01,164.60,162.81,426
10/29/2021,167.29,6740577,163.06,167.63,163.00,427
11/1/2021,166.33,3610791,167.80,168.80,165.89,428
11/2/2021,167.83,5038033,166.76,168.16,166.11,429
11/3/2021,172.50,7176711,169.00,172.87,168.65,430
11/4/2021,175.44,5460077,172.21,175.63,172.00,431
11/5/2021,177.51,5892386,175.73,179.10,175.50,432
11/8/2021,171.85,8301063,176.35,176.54,170.36,433
11/9/2021,173.82,4343036,171.25,173.93,170.95,434
11/10/2021,168.26,8185208,171.23,172.17,167.55,435
11/11/2021,166.97,4994898,169.60,169.60,166.63,436
11/12/2021,169.09,5126255,167.50,169.68,167.40,437
11/15/2021,168.85,3856824,169.70,170.36,168.52,438
11/16/2021,171.83,4400951,169.25,174.00,169.25,439
11/17/2021,171.74,3940150,171.60,172.74,170.25,440
11/18/2021,171.35,4044957,172.33,173.46,170.36,441
11/19/2021,174.88,6146405,172.15,177.20,170.53,442
11/22/2021,174.24,5907245,174.98,177.75,174.23,443
11/23/2021,172.15,5302381,173.05,173.43,170.41,444
11/24/2021,172.03,4637831,168.49,172.43,167.67,445
11/26/2021,168.02,4751087,168.06,169.68,167.54,446
11/29/2021,169.87,5448873,169.83,171.15,169.23,447
11/30/2021,169.24,11033990,168.79,171.55,167.53,448
12/1/2021,166.70,6618636,170.89,173.37,166.68,449
12/2/2021,170.00,4398871,167.28,170.55,167.00,450
12/3/2021,170.24,4878460,170.62,172.07,166.76,451
12/6/2021,168.91,5636915,170.83,171.21,168.06,452
12/7/2021,171.29,5898723,171.11,173.35,170.40,453
12/8/2021,170.25,5614587,171.22,171.79,169.84,454
12/9/2021,168.10,5171776,169.29,171.17,167.99,455
12/10/2021,169.06,4791125,168.50,170.24,167.33,456
12/13/2021,166.84,5972321,168.81,169.39,165.26,457
12/14/2021,165.40,4872209,166.29,167.08,164.21,458
12/15/2021,163.90,7144617,165.00,165.67,161.82,459
12/16/2021,162.72,7138109,162.70,165.94,162.53,460
12/17/2021,161.36,7720005,161.63,162.86,160.55,461
12/20/2021,156.98,8411896,159.34,159.60,155.47,462
12/21/2021,166.63,13862890,166.69,171.19,164.71,463
12/22/2021,165.44,5811307,167.24,169.00,164.09,464
12/23/2021,165.67,3876949,166.25,167.16,165.44,465
12/27/2021,167.58,3771988,166.52,167.69,165.48,466
12/28/2021,166.42,2658714,167.80,168.25,166.30,467
12/29/2021,168.78,3830888,167.07,169.80,166.60,468
12/30/2021,167.49,2666993,168.31,170.12,167.20,469
12/31/2021,166.67,2751992,167.56,167.72,166.21,470
1/3/2022,164.67,5671928,167.53,167.91,163.31,471
1/4/2022,166.39,6064160,165.88,167.18,165.00,472
1/5/2022,162.25,5020982,166.49,167.01,162.10,473
1/6/2022,161.04,4144691,162.09,163.19,159.06,474
1/7/2022,156.97,5107978,160.77,161.14,156.86,475
1/10/2022,150.44,10439020,150.52,151.33,148.78,476
1/11/2022,150.30,8175396,150.48,150.84,147.60,477
1/12/2022,152.21,6351196,152.13,153.46,150.74,478
1/13/2022,149.59,4990890,153.20,153.60,149.02,479
1/14/2022,148.18,6030546,148.39,148.84,146.85,480
1/18/2022,146.95,6931656,148.06,148.83,146.30,481
1/19/2022,145.11,4823829,147.76,149.10,145.02,482
1/20/2022,142.73,5366458,145.46,147.38,142.50,483
1/21/2022,142.95,7553373,144.32,146.36,142.85,484
1/24/2022,146.00,9757308,140.81,146.31,139.56,485
1/25/2022,145.48,8195354,144.97,147.96,142.52,486
1/26/2022,143.99,7444563,147.78,148.97,142.73,487
1/27/2022,144.64,6397336,144.99,147.35,143.58,488
1/28/2022,145.91,6130224,144.12,146.03,140.61,489
1/31/2022,148.07,6932237,146.27,148.18,145.22,490
2/1/2022,148.22,6694995,149.50,149.68,146.80,491
2/2/2022,148.71,5491706,148.35,149.46,147.53,492
2/3/2022,145.31,5240222,147.40,148.46,144.97,493
2/4/2022,145.39,4313382,145.37,146.48,143.64,494
2/7/2022,145.14,3877540,145.30,146.12,144.22,495
2/8/2022,143.53,5829362,144.74,145.50,142.30,496
2/9/2022,146.26,4551008,146.11,147.36,145.67,497
2/10/2022,144.82,5142578,143.96,147.54,143.85,498
2/11/2022,140.18,6710525,144.76,145.06,139.56,499
2/14/2022,141.59,6841153,140.08,143.21,139.79,500
2/15/2022,145.58,7820539,144.22,146.32,144.10,501
2/16/2022,146.49,4817452,145.02,146.95,144.61,502
2/17/2022,142.80,5202282,145.54,146.91,142.64,503
2/18/2022,142.95,5177403,143.37,143.94,141.81,504
2/22/2022,138.19,9604537,141.59,141.64,136.16,505
2/23/2022,136.83,7636623,139.66,140.97,136.51,506
2/24/2022,137.17,8417400,133.00,137.42,130.93,507
2/25/2022,138.80,5424604,138.13,139.22,136.19,508
2/28/2022,136.55,6613321,137.06,138.38,135.04,509
3/1/2022,132.22,6534047,136.72,136.75,131.15,510
3/2/2022,135.68,7743861,132.98,136.61,132.77,511
3/3/2022,133.97,4576504,136.74,136.80,133.45,512
3/4/2022,131.18,7085912,132.51,133.62,130.70,513
3/7/2022,124.44,11383410,131.00,131.03,124.17,514
3/8/2022,121.21,9089353,125.24,125.47,120.80,515
3/9/2022,126.95,8845072,127.38,129.65,126.63,516
3/10/2022,126.03,7167615,124.02,126.60,124.00,517
3/11/2022,122.63,5882024,127.01,127.87,122.51,518
3/14/2022,117.57,13884870,121.53,122.45,116.75,519
3/15/2022,119.40,10431260,119.84,120.42,117.75,520
3/16/2022,125.19,11100450,122.85,126.11,121.93,521
3/17/2022,127.41,6845323,124.94,127.41,123.70,522
3/18/2022,131.24,10350900,126.85,131.46,126.70,523
3/21/2022,130.19,14388530,129.72,132.31,128.62,524
3/22/2022,133.09,19731210,137.28,139.00,132.99,525
3/23/2022,133.00,8068788,132.64,135.40,131.20,526
3/24/2022,132.08,5853825,133.75,134.19,131.20,527
3/25/2022,133.70,6287777,133.05,133.87,131.71,528
3/28/2022,134.81,5804051,133.76,134.86,132.17,529
3/29/2022,139.14,7275870,137.85,139.75,136.95,530
3/30/2022,138.54,5545784,138.98,139.86,137.56,531
3/31/2022,134.56,7206478,137.83,138.71,134.50,532
4/1/2022,133.52,5807683,134.45,135.28,132.75,533
4/4/2022,134.34,5309240,133.05,135.21,132.86,534
4/5/2022,132.30,5707771,134.04,134.68,132.02,535
4/6/2022,128.36,6961044,130.05,130.30,126.33,536
4/7/2022,129.38,5320528,127.43,129.98,127.09,537
4/8/2022,128.15,4877432,129.44,129.93,127.88,538
4/11/2022,124.98,6365432,125.10,126.87,124.32,539
4/12/2022,125.04,5146790,125.20,128.10,124.34,540
4/13/2022,127.49,5119330,125.04,127.86,125.04,541
4/14/2022,133.46,12811270,129.08,134.38,128.89,542
4/18/2022,131.63,5298195,132.00,133.39,130.31,543
4/19/2022,137.05,7346067,133.09,137.48,132.78,544
4/20/2022,135.87,5309660,137.96,138.65,135.66,545
4/21/2022,135.46,6562404,138.55,139.14,135.08,546
4/22/2022,129.07,7321718,134.33,134.93,128.71,547
4/25/2022,127.94,6512514,127.80,128.94,124.85,548
4/26/2022,120.52,7977916,126.95,127.59,120.48,549
4/27/2022,121.24,6007814,121.09,124.00,121.09,550
4/28/2022,127.05,6553927,123.17,127.97,122.60,551
4/29/2022,124.70,5867901,126.22,128.45,124.25,552
5/2/2022,126.08,5428432,124.43,126.18,122.80,553
5/3/2022,122.86,8201221,125.02,125.76,120.22,554
5/4/2022,126.06,6923964,122.54,126.20,120.08,555
5/5/2022,118.63,8411624,124.11,124.75,116.52,556
5/6/2022,114.49,11237530,113.74,115.90,110.66,557
5/9/2022,111.21,7505970,112.97,114.43,110.59,558
5/10/2022,109.49,7527166,113.03,113.44,108.35,559
5/11/2022,107.92,6611800,110.70,111.15,107.59,560
5/12/2022,107.90,10245380,105.18,109.88,105.00,561
5/13/2022,113.01,9618832,110.26,113.11,108.67,562
5/16/2022,112.60,5722480,112.98,113.44,111.56,563
5/17/2022,115.90,6026117,115.50,117.10,113.07,564
5/18/2022,109.37,8188301,112.50,113.36,108.78,565
5/19/2022,106.44,7701997,108.95,109.11,106.28,566
5/20/2022,108.00,7621926,108.67,109.69,105.07,567
5/23/2022,108.63,7136443,107.47,108.75,105.82,568
5/24/2022,107.29,6023398,107.11,107.99,104.73,569
5/25/2022,108.20,7158807,103.46,108.89,103.46,570
5/26/2022,112.94,6520341,110.00,113.50,110.00,571
5/27/2022,115.99,5043216,114.22,116.01,114.01,572
5/31/2022,118.85,13774630,117.50,119.79,114.45,573
6/1/2022,118.68,5543295,119.83,120.75,117.61,574
6/2/2022,123.41,5838149,119.51,123.58,119.26,575
6/3/2022,120.95,5201515,120.21,122.54,120.00,576
6/6/2022,120.23,3963606,121.50,122.14,119.43,577
6/7/2022,121.67,5373618,118.66,121.97,118.46,578
6/8/2022,122.40,4365780,120.90,123.82,120.45,579
6/9/2022,118.60,3894043,121.35,122.03,118.59,580
6/10/2022,114.73,6293093,117.09,117.09,114.26,581
6/13/2022,110.44,6423104,110.39,112.02,109.24,582
6/14/2022,110.72,4548351,110.37,111.89,110.01,583
6/15/2022,113.44,4828671,112.16,114.72,111.21,584
6/16/2022,107.12,7384840,109.51,109.90,105.72,585
6/17/2022,107.34,10256830,106.15,108.55,105.85,586
6/21/2022,108.68,6211362,108.46,109.82,108.04,587
6/22/2022,104.92,9894584,105.40,106.90,104.61,588
6/23/2022,108.00,8898376,105.01,108.10,104.41,589
6/24/2022,112.91,10463670,109.93,112.94,109.61,590
6/27/2022,110.50,12644670,112.24,113.21,109.84,591
6/28/2022,102.78,31373800,108.20,114.05,102.48,592
6/29/2022,103.25,10326650,102.99,105.61,101.53,593
6/30/2022,102.20,9027352,101.94,103.38,100.78,594
7/1/2022,101.18,7934313,101.64,102.50,99.53,595
7/5/2022,104.32,9951963,100.45,104.38,100.11,596
7/6/2022,104.23,6432881,104.89,105.72,103.45,597
7/7/2022,108.13,7633944,105.65,108.28,105.27,598
7/8/2022,107.93,5938841,106.58,108.61,106.51,599
7/11/2022,105.11,4936666,106.60,107.09,104.87,600
7/12/2022,103.76,6017439,105.01,105.86,103.15,601
7/13/2022,105.11,5299449,101.94,105.88,101.56,602
7/14/2022,103.22,6951305,103.11,103.80,101.85,603
7/15/2022,104.70,7862046,104.76,105.62,103.93,604
7/18/2022,103.94,6834758,106.19,106.68,103.68,605
7/19/2022,109.19,8973853,105.60,109.58,105.43,606
7/20/2022,111.11,5884576,109.22,111.63,108.87,607
7/21/2022,111.62,4291350,110.37,111.67,110.07,608
7/22/2022,109.12,6039269,111.93,111.93,108.75,609
7/25/2022,109.28,5079527,109.61,109.61,107.68,610
7/26/2022,105.20,8459456,107.48,107.93,104.57,611
7/27/2022,107.86,7437032,106.30,108.38,105.75,612
7/28/2022,112.23,6773540,109.43,112.40,108.03,613
7/29/2022,114.92,7559983,112.76,115.21,111.50,614
8/1/2022,114.30,4802882,114.00,115.55,113.25,615
8/2/2022,111.77,6334415,113.57,113.78,111.67,616
8/3/2022,114.28,5986544,113.42,115.10,112.58,617
8/4/2022,114.48,4331973,114.64,115.35,113.83,618
8/5/2022,113.87,4162241,112.79,114.30,112.57,619
8/8/2022,114.00,6072491,114.00,115.58,113.31,620
8/9/2022,110.11,7377572,111.32,111.75,108.82,621
8/10/2022,113.14,6951817,113.24,113.83,111.86,622
8/11/2022,114.10,5582130,114.88,116.75,113.73,623
8/12/2022,116.07,4407890,114.39,116.13,113.77,624
8/15/2022,116.32,4279010,115.45,116.58,114.85,625
8/16/2022,118.06,6189786,115.94,118.47,115.81,626
8/17/2022,117.04,5108387,116.77,117.98,116.41,627
8/18/2022,116.01,4750243,116.00,116.68,115.30,628
8/19/2022,113.16,5967762,115.50,115.65,113.03,629
8/22/2022,110.34,5802914,111.02,111.68,109.84,630
8/23/2022,110.68,4806708,110.84,112.83,110.57,631
8/24/2022,111.41,4769010,110.68,112.43,110.02,632
8/25/2022,113.22,5433682,111.90,113.34,111.39,633
8/26/2022,108.28,6203565,113.31,113.73,108.23,634
8/29/2022,107.88,4132362,106.81,108.54,106.44,635
8/30/2022,107.86,5129451,108.97,110.08,107.13,636
8/31/2022,106.45,8884766,107.96,108.01,105.81,637
9/1/2022,106.49,5590811,105.80,106.55,103.80,638
9/2/2022,105.74,7763844,107.46,108.15,105.05,639
9/6/2022,105.15,9158948,105.44,106.41,103.68,640
9/7/2022,108.48,7238257,105.08,108.56,105.00,641
9/8/2022,108.73,5628273,107.00,108.79,106.08,642
9/9/2022,110.97,5174479,109.38,111.69,109.30,643
9/12/2022,112.38,4836939,111.38,113.36,111.38,644
9/13/2022,105.72,5955562,108.84,108.91,105.44,645
9/14/2022,107.00,4888742,106.13,107.36,105.15,646
9/15/2022,105.50,6598908,106.15,108.14,104.83,647
9/16/2022,104.12,8000816,104.07,105.29,103.25,648
9/19/2022,107.21,5162319,103.69,107.37,103.33,649
9/20/2022,102.42,10006640,103.82,104.44,101.71,650
9/21/2022,99.79,6279318,102.67,103.63,99.77,651
9/22/2022,98.55,9638827,99.79,100.21,97.83,652
9/23/2022,97.02,9026452,96.92,97.54,95.34,653
9/26/2022,96.06,8521632,96.09,97.73,95.71,654
9/27/2022,96.29,9890328,97.07,97.74,95.00,655
9/28/2022,98.70,9423349,97.11,99.43,96.76,656
9/29/2022,95.33,19339220,98.11,98.11,94.48,657
9/30/2022,83.12,48176060,83.30,86.20,82.50,658
10/3/2022,85.40,19108190,83.13,86.47,82.22,659
10/4/2022,88.64,15114770,87.70,89.07,87.11,660
10/5/2022,91.10,12732730,87.49,91.70,87.15,661
10/6/2022,90.17,9951889,90.49,92.64,89.81,662
10/7/2022,87.16,8554657,88.54,88.76,86.69,663
10/10/2022,86.69,7991226,87.76,87.78,85.07,664
10/11/2022,87.99,11903170,86.04,88.25,85.75,665
10/12/2022,88.51,8772899,88.00,88.88,87.31,666
10/13/2022,89.56,9335034,86.39,89.81,86.05,667
10/14/2022,87.55,7813872,90.51,90.88,87.49,668
10/17/2022,89.97,8451887,89.53,90.69,88.70,669
10/18/2022,89.68,7364685,92.60,92.91,89.15,670
10/19/2022,88.57,5101984,88.26,89.74,87.76,671
10/20/2022,86.83,13500010,89.47,90.58,86.61,672
10/21/2022,88.50,7976275,87.02,88.78,86.71,673
10/24/2022,88.01,8847054,87.79,88.84,86.24,674
10/25/2022,91.72,8639899,88.03,91.93,87.89,675
10/26/2022,92.39,8648500,90.78,94.35,90.70,676
10/27/2022,90.54,8617948,92.88,93.48,90.22,677
10/28/2022,93.83,6022379,91.20,93.88,90.46,678
10/31/2022,92.68,6426375,93.00,93.89,92.68,679
11/1/2022,93.77,7250651,95.69,96.46,92.97,680
11/2/2022,90.30,7178282,93.13,94.44,90.19,681
11/3/2022,90.40,6550281,89.97,91.61,88.72,682
11/4/2022,95.79,11511760,94.45,98.23,93.95,683
11/7/2022,93.44,9094460,96.31,96.87,92.67,684
11/8/2022,93.75,7017766,94.44,96.03,92.94,685
11/9/2022,92.10,6550869,92.67,93.90,91.96,686
11/10/2022,99.49,9361010,96.33,99.68,96.23,687
11/11/2022,106.09,12597480,100.31,107.21,100.14,688
11/14/2022,104.39,7134856,105.20,106.44,104.32,689
11/15/2022,106.71,7242932,107.99,109.31,105.53,690
11/16/2022,105.23,5998677,105.25,106.60,104.77,691
11/17/2022,105.36,5259739,104.11,105.40,102.92,692
11/18/2022,105.42,5498949,107.63,107.72,104.17,693
11/21/2022,103.83,4774775,104.61,105.48,103.60,694
11/22/2022,105.97,5313228,104.62,106.16,103.84,695
11/23/2022,106.65,3873501,106.00,106.98,105.23,696
11/25/2022,105.96,3426135,106.45,107.18,105.56,697
11/28/2022,104.96,6967774,105.25,106.30,104.65,698
11/29/2022,106.25,8494366,105.37,106.82,105.12,699
11/30/2022,109.69,16250970,107.08,109.69,105.45,700
12/1/2022,111.11,7822888,110.09,111.86,109.55,701
12/2/2022,112.20,5891969,108.65,112.71,108.34,702
12/5/2022,109.62,6220139,111.02,111.13,109.19,703
12/6/2022,107.93,7086282,109.65,110.53,106.75,704
12/7/2022,108.33,5751515,107.32,109.12,107.06,705
12/8/2022,111.36,6192842,108.60,111.49,108.46,706
12/9/2022,109.42,5677695,110.22,111.38,109.26,707
12/12/2022,112.07,6426036,110.10,112.17,109.71,708
12/13/2022,112.85,8655306,115.61,116.45,111.25,709
12/14/2022,111.45,7528469,113.70,114.12,110.23,710
12/15/2022,108.51,7502121,109.19,109.62,107.73,711
12/16/2022,105.95,14083650,106.87,107.61,105.12,712
12/19/2022,103.05,10620330,104.99,105.51,102.45,713
12/20/2022,103.21,17147930,103.00,103.40,101.68,714
12/21/2022,115.78,32777320,116.76,119.18,115.34,715
12/22/2022,116.71,17150500,114.29,116.82,114.06,716
12/23/2022,116.25,6603749,116.11,117.17,115.78,717
12/27/2022,117.56,6661081,116.47,118.20,115.82,718
12/28/2022,114.98,5437801,117.58,118.24,114.96,719
12/29/2022,117.35,4588588,116.08,118.07,115.80,720
12/30/2022,117.01,4355450,116.56,117.25,115.77,721
1/3/2023,118.75,8124770,118.55,119.49,117.44,722
1/4/2023,121.21,8550659,119.96,122.23,119.53,723
1/5/2023,120.62,6046737,120.28,122.34,120.08,724
1/6/2023,124.53,10080650,122.00,125.36,121.77,725
1/9/2023,124.85,9397868,125.00,126.61,124.55,726
1/10/2023,125.84,5899920,125.21,126.33,124.37,727
1/11/2023,127.94,6989184,126.32,128.26,126.01,728
1/12/2023,127.89,8366442,128.35,128.46,126.46,729
1/13/2023,128.85,4856475,126.66,129.23,126.66,730
1/17/2023,128.14,6172170,128.00,129.05,127.83,731
1/18/2023,126.43,6828808,127.80,128.59,126.00,732
1/19/2023,124.53,5273493,124.79,125.44,123.61,733
1/20/2023,126.62,5673181,124.68,126.64,124.04,734
1/23/2023,128.29,5581559,126.90,128.75,126.54,735
1/24/2023,126.83,5486219,123.58,128.01,112.36,736
1/25/2023,126.82,5933730,125.86,127.01,124.83,737
1/26/2023,127.53,5838801,128.46,128.99,126.01,738
1/27/2023,127.53,5730012,127.07,128.58,126.70,739
1/30/2023,126.37,6494692,126.50,127.56,126.21,740
1/31/2023,127.33,7687083,126.42,127.85,126.01,741
2/1/2023,129.50,6387919,127.90,130.22,126.22,742
2/2/2023,129.06,5214452,130.45,131.31,127.86,743
2/3/2023,127.61,4930209,126.79,129.42,126.44,744
2/6/2023,125.73,4666535,125.52,126.10,124.32,745
2/7/2023,125.33,5288935,123.96,125.93,123.25,746
2/8/2023,122.91,5877807,123.38,124.10,121.80,747
2/9/2023,122.18,5928984,124.71,125.02,121.50,748
2/10/2023,122.23,5195451,121.51,122.64,120.54,749
2/13/2023,125.15,5689778,122.82,125.72,122.46,750
2/14/2023,126.20,4845860,123.95,126.36,123.74,751
2/15/2023,127.48,5689700,124.90,127.50,124.90,752
2/16/2023,124.38,4722184,125.43,127.21,124.11,753
2/17/2023,124.84,5161724,123.71,124.89,123.44,754
2/21/2023,121.10,5110256,123.28,124.00,120.98,755
2/22/2023,119.90,5021991,121.10,121.40,119.64,756
2/23/2023,119.96,4101920,120.76,120.76,118.55,757
2/24/2023,118.04,4693002,117.97,118.74,117.34,758
2/27/2023,118.53,4240017,119.26,119.82,118.32,759
2/28/2023,118.79,8414063,118.74,120.40,117.85,760
3/1/2023,118.58,4120488,117.95,119.79,117.83,761
3/2/2023,119.58,4443207,117.55,119.96,117.55,762
3/3/2023,120.94,3871822,120.13,121.04,119.02,763
3/6/2023,120.17,5183814,121.13,121.99,119.96,764
3/7/2023,119.59,5345746,120.20,121.02,119.23,765
3/8/2023,119.86,4175226,119.27,120.04,118.73,766
3/9/2023,117.87,5635879,120.08,121.86,117.55,767
3/10/2023,117.49,5979635,118.83,118.99,116.64,768
3/13/2023,116.86,6038216,115.82,118.29,115.79,769
3/14/2023,119.00,6050822,119.00,119.49,117.23,770
3/15/2023,118.17,6599249,116.32,118.63,115.81,771
3/16/2023,120.65,5661422,116.86,120.81,116.61,772
3/17/2023,120.39,12868910,121.17,121.73,118.67,773
3/20/2023,121.20,7594101,120.99,122.68,119.81,774
3/21/2023,125.61,15078780,123.50,126.06,122.97,775
3/22/2023,119.50,17625500,123.66,125.26,119.33,776
3/23/2023,120.97,7628073,120.47,123.27,119.47,777
3/24/2023,120.71,6163391,120.23,121.00,119.32,778
3/27/2023,117.81,6564242,121.02,121.07,117.61,779
3/28/2023,117.87,4461446,117.95,118.44,116.85,780
3/29/2023,120.49,5644018,118.64,120.57,118.49,781
3/30/2023,120.10,4578912,121.03,121.44,119.34,782
3/31/2023,122.64,5659422,120.92,122.71,120.60,783
4/3/2023,121.67,4838399,122.50,122.85,120.82,784
4/4/2023,123.69,5895258,121.38,123.95,121.36,785
4/5/2023,120.90,4331407,123.00,123.33,120.56,786
4/6/2023,120.22,4256901,119.51,120.49,117.85,787
4/10/2023,121.91,3731236,119.30,121.91,119.13,788
4/11/2023,123.30,4470956,122.04,124.08,122.04,789
4/12/2023,123.66,4525132,124.76,124.86,123.22,790
4/13/2023,126.43,5355297,124.64,126.67,124.46,791
4/14/2023,125.95,4828882,127.00,127.49,125.49,792
4/17/2023,126.19,3917912,126.03,126.48,125.13,793
4/18/2023,126.21,3857914,127.23,127.28,125.02,794
4/19/2023,125.67,3547598,126.00,126.08,124.92,795
4/20/2023,124.45,3891706,124.80,125.35,123.71,796
4/21/2023,125.53,3651389,124.40,125.68,123.62,797
4/24/2023,127.09,3790923,125.51,127.13,125.15,798
4/25/2023,124.66,4383342,126.53,126.77,124.05,799
4/26/2023,123.84,4003190,124.21,124.98,123.29,800
4/27/2023,125.70,4252135,124.44,126.01,123.14,801
4/28/2023,126.72,4421419,125.15,127.07,124.96,802
5/1/2023,127.92,4112782,126.92,128.68,126.86,803
5/2/2023,127.26,3831644,127.15,127.58,125.17,804
5/3/2023,126.74,4560081,125.49,128.38,123.67,805
5/4/2023,123.67,6177127,124.94,125.19,122.82,806
5/5/2023,126.59,4887759,125.93,127.03,125.22,807
5/8/2023,126.88,3892645,127.26,127.69,125.98,808
5/9/2023,125.10,4082170,125.27,125.66,124.17,809
5/10/2023,123.51,5052636,126.29,126.46,122.17,810
5/11/2023,122.22,5923069,123.45,123.86,121.90,811
5/12/2023,120.21,6574233,120.99,121.20,119.03,812
5/15/2023,119.83,5518188,119.82,119.99,118.01,813
5/16/2023,116.48,8307929,117.50,117.84,116.12,814
5/17/2023,116.98,7765386,116.38,117.13,115.25,815
5/18/2023,118.87,5970500,117.43,119.15,116.85,816
5/19/2023,114.76,11674270,114.56,115.49,113.10,817
5/22/2023,110.18,12710290,112.85,112.85,110.02,818
5/23/2023,108.78,11790410,109.77,111.06,108.19,819
5/24/2023,108.29,8503192,109.00,109.10,107.20,820
5/25/2023,107.48,6729847,108.35,108.97,107.42,821
5/26/2023,107.51,7911202,107.00,108.45,107.00,822
5/30/2023,106.52,9335188,108.40,108.88,106.27,823
5/31/2023,105.26,21465160,105.70,106.17,104.83,824
6/1/2023,103.63,12025210,104.18,104.60,102.90,825
6/2/2023,107.78,11838230,107.63,108.42,106.13,826
6/5/2023,105.20,7434017,107.88,107.56,105.18,827
6/6/2023,106.19,7896257,105.49,106.75,105.20,828
6/7/2023,107.09,11123900,106.04,108.24,105.42,829
6/8/2023,106.20,9139448,107.16,107.52,105.67,830
6/9/2023,105.86,5796002,105.91,106.28,105.35,831
6/12/2023,106.83,7965771,106.29,106.85,104.60,832
6/13/2023,106.78,8460508,107.14,107.48,106.29,833
6/14/2023,112.86,17415460,107.48,113.40,107.48,834
6/15/2023,112.41,10374200,111.83,112.82,110.16,835
6/16/2023,113.59,14445510,114.00,114.76,113.06,836
6/20/2023,109.54,10606880,111.41,112.82,108.96,837
6/21/2023,109.98,8377812,109.13,110.36,108.71,838
6/22/2023,110.46,6003494,110.82,111.25,109.78,839
6/23/2023,109.52,14329240,107.75,110.29,107.30,840
6/26/2023,111.74,6887058,109.67,112.21,109.67,841
6/27/2023,113.61,7138587,112.53,114.18,112.43,842
6/28/2023,113.03,6765974,113.34,113.75,112.12,843
6/29/2023,113.37,12465530,113.60,114.27,112.61,844
6/30/2023,110.37,19629590,111.59,112.25,109.80,845
7/3/2023,109.11,5734199,111.06,111.30,109.11,846
7/5/2023,107.10,10410550,108.62,108.91,106.54,847
7/6/2023,105.10,9929226,105.29,106.09,103.67,848
7/7/2023,104.46,7463086,104.80,105.47,104.03,849
7/10/2023,105.78,5374580,104.48,106.31,104.25,850
7/11/2023,107.39,5457205,105.65,107.62,105.62,851
7/12/2023,107.76,8305044,108.53,109.09,107.22,852
7/13/2023,107.84,6692257,109.07,109.13,107.68,853
7/14/2023,107.95,6933557,107.94,108.64,107.19,854
7/17/2023,108.71,6683385,107.26,109.10,106.76,855
7/18/2023,109.72,5717868,108.58,110.34,108.31,856
7/19/2023,109.88,5027105,109.08,110.25,108.58,857
7/20/2023,107.53,6458000,109.57,110.02,107.48,858
7/21/2023,109.06,6631599,108.00,109.29,107.51,859
7/24/2023,108.77,6787619,110.41,110.55,108.51,860
7/25/2023,108.30,7692755,108.28,108.85,107.39,861
7/26/2023,109.30,5148906,108.30,109.59,107.95,862
7/27/2023,107.67,6544605,109.83,110.23,107.40,863
7/28/2023,108.62,5993039,108.11,108.96,107.63,864
7/31/2023,110.39,6406734,109.41,110.85,109.05,865
8/1/2023,109.40,4567383,110.00,110.53,109.14,866
8/2/2023,107.51,6213581,108.28,108.52,107.45,867
8/3/2023,108.64,5085760,107.00,109.09,106.65,868
8/4/2023,108.81,5621400,108.71,110.31,108.24,869
8/7/2023,110.48,4887311,109.87,110.94,109.18,870
8/8/2023,109.69,5851909,109.63,109.89,107.35,871
8/9/2023,109.69,4328573,109.79,110.02,108.30,872
8/10/2023,109.03,7276458,110.31,111.95,108.52,873
8/11/2023,108.09,5104405,108.90,109.53,107.86,874
8/14/2023,107.64,5305181,107.92,108.30,107.07,875
8/15/2023,106.55,6197554,106.07,106.82,105.60,876
8/16/2023,106.53,5953064,106.07,108.38,106.07,877
8/17/2023,105.05,5692762,107.43,107.83,104.78,878
8/18/2023,104.81,5836067,103.83,105.05,103.76,879
8/21/2023,102.86,6697559,105.47,105.48,102.63,880
8/22/2023,101.46,9820097,100.96,102.37,100.73,881
8/23/2023,98.75,20909070,96.98,99.19,96.55,882
8/24/2023,97.63,10310040,98.70,99.19,97.56,883
8/25/2023,98.84,7290611,98.50,99.09,97.81,884
8/28/2023,99.63,6006590,99.59,100.06,98.87,885
8/29/2023,101.77,8641614,100.03,102.16,99.72,886
8/30/2023,102.10,4822098,101.64,102.81,101.51,887
8/31/2023,101.71,7046219,102.62,102.89,101.61,888
9/1/2023,102.36,6359599,101.97,102.96,101.52,889
9/5/2023,100.32,6698665,101.50,101.96,100.23,890
9/6/2023,100.18,6096014,99.76,100.31,99.03,891
9/7/2023,97.93,9927060,98.26,98.76,97.64,892
9/8/2023,97.67,6435533,98.10,98.13,97.28,893
9/11/2023,96.79,7584681,98.33,98.38,96.58,894
9/12/2023,96.30,6307698,96.99,97.17,96.18,895
9/13/2023,96.13,7140729,96.30,97.20,95.66,896
9/14/2023,97.19,7075271,96.72,97.68,95.90,897
9/15/2023,96.26,10467340,98.15,98.15,96.13,898
9/18/2023,95.51,6946299,96.00,96.37,95.28,899
9/19/2023,94.62,9390096,95.04,95.49,94.41,900
9/20/2023,94.04,10274670,93.97,95.40,93.83,901
9/21/2023,91.59,7960552,93.42,93.49,91.48,902
9/22/2023,90.85,9292847,91.58,92.33,90.55,903
9/25/2023,90.60,8291657,90.00,90.85,89.79,904
9/26/2023,90.17,8060479,90.00,90.70,89.78,905
9/27/2023,89.42,7631009,90.56,90.70,89.21,906
9/28/2023,89.63,16315560,89.10,89.78,88.66,907
9/29/2023,95.62,34935390,99.37,99.47,94.62,908
10/2/2023,94.56,12776340,96.20,96.38,93.73,909
10/3/2023,95.09,10964320,94.32,96.05,94.18,910
10/4/2023,95.89,8045393,95.58,96.26,95.12,911
10/5/2023,95.79,7429982,95.79,96.23,95.28,912
10/6/2023,97.11,8532939,95.79,97.71,95.06,913
10/9/2023,96.88,5964219,96.78,97.14,95.92,914
10/10/2023,97.62,8499017,97.25,98.86,97.23,915
10/11/2023,98.65,7642891,98.31,98.95,98.01,916
10/12/2023,99.25,10705170,99.54,100.05,98.52,917
10/13/2023,99.91,8784716,99.59,100.85,99.45,918
10/16/2023,102.04,10845420,99.72,102.58,99.60,919
10/17/2023,103.01,9253760,101.97,103.59,101.97,920
10/18/2023,103.77,8757335,102.97,103.90,102.93,921
10/19/2023,103.05,8391080,103.77,104.35,102.85,922
10/20/2023,102.67,7823499,103.32,103.77,102.57,923
10/23/2023,102.81,5966147,102.13,103.76,101.77,924
10/24/2023,105.18,9252448,103.66,105.65,103.66,925
10/25/2023,103.54,7054680,104.46,105.04,103.49,926
10/26/2023,100.02,11222560,102.18,102.63,99.95,927
10/27/2023,97.98,9602699,99.78,100.34,97.81,928
10/30/2023,101.80,8206720,99.00,102.05,99.00,929
10/31/2023,102.77,6558458,101.40,102.93,101.40,930
11/1/2023,100.88,7272370,102.55,102.67,99.97,931
11/2/2023,105.08,8135111,102.05,105.55,101.89,932
11/3/2023,107.06,7567959,106.43,107.65,106.05,933
11/6/2023,107.25,5231865,106.96,107.60,106.37,934
11/7/2023,109.36,7745848,107.32,109.36,107.23,935
11/8/2023,109.39,8639736,109.37,110.70,108.90,936
11/9/2023,107.00,9154218,109.82,109.90,106.92,937
11/10/2023,106.11,8897927,107.34,107.83,105.61,938
11/13/2023,104.20,7055631,105.37,105.72,104.18,939
11/14/2023,105.75,9674819,105.56,107.10,105.38,940
11/15/2023,107.82,11140830,106.82,109.06,106.72,941
11/16/2023,107.61,5386979,107.10,108.00,107.00,942
11/17/2023,105.96,6353975,108.06,108.21,105.52,943
11/20/2023,106.32,6198621,106.00,106.55,105.10,944
11/21/2023,106.55,5803549,106.17,106.70,105.35,945
11/22/2023,107.92,6280910,107.50,108.03,106.82,946
11/24/2023,107.64,2443610,107.50,108.00,107.40,947
11/27/2023,107.96,5785038,107.66,108.22,106.90,948
11/28/2023,108.75,7287568,108.57,109.90,108.15,949
11/29/2023,110.37,9601810,110.80,112.15,110.15,950
11/30/2023,110.27,8690871,110.53,110.60,108.96,951
12/1/2023,113.48,8051815,110.33,113.55,109.75,952
12/4/2023,115.15,10086580,113.08,115.32,113.00,953
12/5/2023,115.41,6959966,114.66,116.04,114.60,954
12/6/2023,116.11,6316960,116.00,117.14,115.57,955
12/7/2023,114.81,7294460,114.12,116.00,114.12,956
12/8/2023,115.91,6122150,114.50,116.29,114.47,957
12/11/2023,118.61,7972751,117.79,119.42,117.43,958
12/12/2023,119.64,7378379,119.68,119.99,118.58,959
12/13/2023,121.17,8182887,119.35,121.44,119.20,960
12/14/2023,121.02,9590510,121.44,122.59,119.82,961
12/15/2023,121.55,13633280,120.93,122.06,120.60,962
12/18/2023,121.14,6874837,121.41,121.84,120.86,963
12/19/2023,122.64,7697272,121.74,123.34,121.64,964
12/20/2023,121.43,9176621,121.13,123.39,121.00,965
12/21/2023,122.53,16533350,122.30,123.30,121.30,966
12/22/2023,108.04,46666190,108.26,110.80,107.45,967
12/26/2023,108.02,12846720,108.30,108.69,107.48,968
12/27/2023,107.13,10157850,108.34,108.59,106.85,969
12/28/2023,108.82,9352902,107.21,109.40,106.81,970
12/29/2023,108.57,7667522,108.96,109.96,108.09,971
1/2/2024,106.55,9326616,107.61,107.85,106.45,972
1/3/2024,104.04,10573740,105.72,107.48,104.00,973
1/4/2024,102.30,10420580,102.46,103.62,102.30,974
1/5/2024,102.08,8044543,102.46,103.68,101.90,975
1/8/2024,103.62,9414218,102.08,103.69,101.73,976
1/9/2024,102.74,7759476,103.17,103.40,102.50,977
1/10/2024,103.77,6784662,102.69,103.83,102.37,978
1/11/2024,105.90,9537701,104.22,106.01,103.73,979
1/12/2024,105.06,6680858,106.00,106.32,104.72,980
1/16/2024,101.72,10547900,103.94,104.22,101.36,981
1/17/2024,100.82,8226243,101.05,101.31,100.24,982
1/18/2024,100.94,8852439,101.00,101.43,100.07,983
1/19/2024,101.78,8517208,101.02,102.18,99.67,984
1/22/2024,100.56,9897443,101.75,101.81,100.09,985
1/23/2024,101.90,8208026,101.63,102.14,101.23,986
1/24/2024,100.76,7879315,101.78,101.80,100.69,987
1/25/2024,100.77,10063750,101.53,101.74,100.09,988
1/26/2024,102.75,9735779,101.57,103.27,101.22,989
1/29/2024,103.88,8860834,102.88,104.01,101.34,990
1/30/2024,104.18,7542837,103.34,104.31,103.13,991
1/31/2024,101.53,11547640,104.09,104.30,101.12,992
2/1/2024,101.76,7666694,101.90,102.25,100.61,993
2/2/2024,100.71,8966927,100.88,101.41,99.43,994
2/5/2024,99.68,10097940,100.50,100.59,99.05,995
2/6/2024,102.61,11372410,99.50,102.63,99.13,996
2/7/2024,103.79,9447765,102.39,104.34,102.35,997
2/8/2024,103.77,6330409,104.43,104.96,103.05,998
2/9/2024,104.50,5449022,103.80,104.94,103.33,999
2/12/2024,107.18,7501946,104.74,107.43,104.65,1000
2/13/2024,105.00,6180509,104.99,105.80,104.25,1001
2/14/2024,106.33,5743277,104.82,106.42,104.46,1002
2/15/2024,106.05,7201273,107.02,107.34,105.83,1003
2/16/2024,103.51,14590130,104.63,104.70,101.65,1004
2/20/2024,103.30,8759480,103.13,103.84,102.17,1005
2/21/2024,105.27,8893514,103.35,105.52,102.93,1006
2/22/2024,105.08,6705491,105.80,106.01,104.08,1007
2/23/2024,105.63,6947285,105.26,106.62,105.19,1008
2/26/2024,104.54,5831480,105.31,106.10,103.76,1009
2/27/2024,105.15,5317417,104.83,105.25,103.99,1010
2/28/2024,104.35,4219844,104.10,105.44,103.70,1011
2/29/2024,103.93,10811630,104.98,105.57,103.68,1012
3/1/2024,101.88,7349270,103.87,103.94,101.83,1013
3/4/2024,99.54,11050910,101.65,101.77,99.01,1014
3/5/2024,98.31,8670642,99.00,99.17,98.00,1015
3/6/2024,97.63,10045280,100.00,100.10,97.06,1016
3/7/2024,98.19,8133866,97.99,98.40,97.68,1017
3/8/2024,99.16,9043458,98.49,99.32,98.02,1018
3/11/2024,101.08,8537402,99.90,101.76,99.44,1019
3/12/2024,100.18,7040889,100.79,101.37,99.65,1020
3/13/2024,101.36,7326384,100.61,102.00,100.33,1021
3/14/2024,100.26,8350939,102.20,102.49,100.09,1022
3/15/2024,99.64,15208540,100.30,101.16,99.34,1023
3/18/2024,98.74,7206957,98.98,99.66,98.52,1024
3/19/2024,99.96,6168856,98.50,100.04,98.44,1025
3/20/2024,100.27,7771693,99.45,100.44,99.03,1026
3/21/2024,100.82,17176010,100.44,101.92,99.76,1027
3/22/2024,93.86,41837410,93.85,95.17,91.72,1028
3/25/2024,93.75,14548770,94.07,95.52,92.77,1029
3/26/2024,92.58,10816950,93.74,93.86,92.41,1030
3/27/2024,94.13,11095680,93.27,94.15,92.32,1031
3/28/2024,93.98,11331680,94.37,94.81,93.43,1032
4/1/2024,92.56,10360010,93.81,93.92,91.69,1033
4/2/2024,90.95,11107330,91.76,91.90,90.64,1034
4/3/2024,90.33,8876598,91.01,91.44,90.28,1035
4/4/2024,89.07,12110260,90.95,91.05,88.89,1036
4/5/2024,88.84,9716682,89.15,90.25,88.80,1037
4/8/2024,90.00,8452543,89.11,90.26,88.80,1038
4/9/2024,91.00,7194564,90.00,91.16,89.87,1039
4/10/2024,89.00,7932933,89.90,90.10,88.77,1040
4/11/2024,92.00,15330200,91.23,92.41,90.83,1041
4/12/2024,92.00,10905920,92.01,92.87,91.12,1042
4/15/2024,93.10,11597330,93.59,93.92,92.54,1043
4/16/2024,93.39,10388150,93.04,94.19,91.65,1044
4/17/2024,94.84,10181180,94.61,95.07,93.66,1045
4/18/2024,95.74,10062900,95.16,95.88,94.53,1046
4/19/2024,94.53,11241900,95.42,96.22,94.49,1047
4/22/2024,94.19,8641953,94.63,95.06,93.85,1048
4/23/2024,94.02,6582696,94.37,94.72,93.91,1049
4/24/2024,94.64,6493208,94.10,95.19,94.10,1050
4/25/2024,93.94,5317852,94.00,94.79,92.44,1051
4/26/2024,94.12,6115744,94.59,95.42,93.91,1052
4/29/2024,94.06,5034546,94.44,94.89,93.70,1053
4/30/2024,92.26,6493259,92.91,93.51,92.25,1054
5/1/2024,90.34,9784643,91.81,91.87,90.09,1055
5/2/2024,92.41,7333343,91.33,92.45,90.91,1056
5/3/2024,92.15,5736711,93.09,93.65,91.87,1057
5/6/2024,93.36,6696303,92.81,93.37,92.48,1058
5/7/2024,93.78,7113455,94.08,94.32,93.21,1059
5/8/2024,93.59,5372900,93.12,93.64,92.73,1060
5/9/2024,93.39,6429824,93.64,93.98,93.01,1061
5/10/2024,90.94,10548410,93.07,93.14,90.88,1062
5/13/2024,92.72,8792060,91.27,92.77,91.15,1063
5/14/2024,92.79,7810983,92.99,94.34,92.60,1064
5/15/2024,91.67,15614450,92.29,92.62,90.85,1065
5/16/2024,91.77,12711680,91.69,92.84,91.53,1066
5/17/2024,92.18,12019570,92.01,92.29,91.34,1067
5/20/2024,91.77,9701510,92.25,92.70,90.83,1068
5/21/2024,92.82,7809654,91.57,92.85,91.45,1069
5/22/2024,92.50,7611906,91.95,92.76,91.65,1070
5/23/2024,91.40,7729024,92.45,92.58,91.15,1071
5/24/2024,91.75,6937118,91.77,92.20,91.49,1072
5/28/2024,92.00,10834960,91.74,92.52,91.35,1073
5/29/2024,91.67,7237340,91.68,92.72,91.38,1074
5/30/2024,93.45,9310016,92.23,93.88,91.96,1075
5/31/2024,95.05,12565600,93.50,95.07,92.97,1076
6/3/2024,94.40,9668106,94.52,95.25,94.05,1077
6/4/2024,94.74,7838435,94.29,95.11,93.41,1078
6/5/2024,94.32,7463299,95.32,95.32,93.70,1079
6/6/2024,95.72,9760077,94.86,96.80,93.99,1080
6/7/2024,96.55,9397364,95.39,97.94,95.30,1081
6/10/2024,96.00,7035626,95.73,96.99,95.60,1082
6/11/2024,95.87,7301545,95.52,96.00,94.52,1083
6/12/2024,93.68,9861264,96.35,96.50,93.50,1084
6/13/2024,94.18,8348214,94.04,94.53,93.72,1085
6/14/2024,93.39,7426757,93.80,94.78,93.30,1086
6/17/2024,95.00,6365370,92.01,95.12,92.01,1087
6/18/2024,94.78,6712037,94.67,95.26,94.21,1088
6/20/2024,95.57,9393767,93.88,96.09,93.52,1089
6/21/2024,97.18,15569880,95.96,97.21,95.42,1090
6/24/2024,97.17,9466888,97.30,98.04,96.68,1091
6/25/2024,94.75,9036181,97.31,97.64,94.50,1092
6/26/2024,94.06,10160430,94.09,94.48,93.15,1093
6/27/2024,94.19,25772730,93.77,94.74,93.39,1094
6/28/2024,75.37,129967000,77.13,79.05,74.55,1095
7/1/2024,76.83,44369010,75.50,77.06,74.29,1096
7/2/2024,76.04,26183350,76.82,76.94,75.39,1097
7/3/2024,75.24,15952010,75.50,75.92,75.02,1098
7/5/2024,75.43,19603690,75.36,76.09,74.78,1099
7/8/2024,73.05,29905040,75.41,75.49,73.00,1100
7/9/2024,72.46,23502450,73.30,74.14,72.38,1101
7/10/2024,72.54,21378210,72.26,72.64,71.67,1102
7/11/2024,73.39,15876670,72.70,73.75,72.29,1103
7/12/2024,73.42,14527520,73.57,74.05,73.17,1104
7/15/2024,71.31,20775810,73.00,73.01,71.24,1105
7/16/2024,72.81,20980670,71.51,72.96,71.51,1106
7/17/2024,73.07,11161560,72.53,73.34,72.50,1107
7/18/2024,72.38,14440130,72.97,73.93,72.35,1108
7/19/2024,72.70,11913320,72.30,72.82,71.85,1109
7/22/2024,74.86,19385490,73.12,75.34,73.07,1110
7/23/2024,73.40,11041790,74.63,75.04,73.24,1111
7/24/2024,71.09,18563320,73.25,73.39,71.08,1112
7/25/2024,71.41,13855390,71.53,72.43,70.91,1113
7/26/2024,72.56,8891986,72.00,72.78,71.87,1114
7/29/2024,73.55,10471840,72.50,73.87,72.20,1115
7/30/2024,74.32,8515720,73.69,74.49,73.46,1116
7/31/2024,74.86,14632940,74.50,75.43,73.92,1117
8/1/2024,73.85,9563543,74.70,74.79,73.26,1118
8/2/2024,74.01,11526630,72.83,74.13,71.92,1119
8/5/2024,71.42,13191530,71.06,72.62,70.75,1120
8/6/2024,72.50,13469720,71.66,73.24,71.51,1121
8/7/2024,72.62,9571247,72.88,74.21,72.53,1122
8/8/2024,74.19,8828032,73.23,74.21,73.05,1123
8/9/2024,74.34,7186634,74.12,74.58,73.37,1124
8/12/2024,74.64,7067256,74.71,75.00,74.05,1125
8/13/2024,78.50,22114820,75.25,79.05,75.07,1126
8/14/2024,78.52,13612960,78.00,79.09,77.42,1127
8/15/2024,82.50,23583640,82.10,83.06,80.67,1128
8/16/2024,83.23,13794180,82.88,83.94,82.44,1129
8/19/2024,83.28,9627253,83.23,83.99,82.92,1130
8/20/2024,83.56,7863052,83.49,83.90,82.77,1131
8/21/2024,84.00,6915865,83.67,84.24,83.22,1132
8/22/2024,83.41,8485455,84.45,84.68,83.21,1133
8/23/2024,84.05,9219749,83.34,84.24,83.22,1134
8/26/2024,84.28,7853325,83.47,84.51,83.38,1135
8/27/2024,85.29,14953990,84.07,85.39,83.61,1136
8/28/2024,82.79,11088620,85.05,85.43,81.88,1137
8/29/2024,83.26,7477205,83.45,83.89,82.86,1138
8/30/2024,83.32,13755270,83.60,83.88,82.05,1139
9/3/2024,81.32,10133710,82.71,82.94,81.01,1140
9/4/2024,81.02,12837370,80.10,81.09,79.67,1141
9/5/2024,80.83,7596293,81.13,81.24,80.21,1142
9/6/2024,80.63,8512173,80.88,81.88,80.35,1143
9/9/2024,79.49,8003349,80.75,81.58,79.02,1144
9/10/2024,78.09,9748356,79.56,79.56,77.55,1145
9/11/2024,78.40,8265542,78.00,78.59,76.74,1146
9/12/2024,78.40,7186114,78.23,79.07,77.53,1147
9/13/2024,79.01,5814152,78.30,79.49,78.11,1148
9/16/2024,79.80,9547660,79.33,79.99,78.69,1149
9/17/2024,80.64,7580602,80.01,80.98,79.86,1150
9/18/2024,80.90,7637007,80.66,81.76,80.23,1151
9/19/2024,80.98,15067070,82.60,83.12,80.47,1152
9/20/2024,86.52,52039260,87.87,88.00,84.81,1153
9/23/2024,86.20,17712400,85.40,86.53,85.05,1154
9/24/2024,87.46,21123260,87.44,88.28,86.66,1155
9/25/2024,88.00,12392850,87.85,88.10,87.24,1156
9/26/2024,89.39,13592810,89.92,90.62,89.05,1157
9/27/2024,89.44,9181004,89.45,90.26,89.21,1158
9/30/2024,88.40,12036390,89.70,89.75,87.73,1159
10/1/2024,89.13,20623380,88.00,89.64,87.71,1160
10/2/2024,83.10,33208790,82.89,85.23,81.77,1161
10/3/2024,82.10,18143750,82.40,83.78,81.98,1162
10/4/2024,82.25,10342360,82.63,83.54,82.10,1163
10/7/2024,80.83,12767400,82.14,82.47,80.09,1164
10/8/2024,80.77,10569620,80.75,81.42,79.93,1165
10/9/2024,82.45,11750640,81.14,82.93,81.07,1166
10/10/2024,82.10,8370188,83.40,83.45,82.03,1167
10/11/2024,82.15,10171110,82.04,82.27,81.18,1168
10/14/2024,81.60,8177686,82.00,82.04,80.80,1169
10/15/2024,82.12,11804390,81.05,82.72,81.05,1170
10/16/2024,83.94,11220590,82.14,84.09,82.05,1171
10/17/2024,83.40,9204490,84.11,84.76,83.38,1172
10/18/2024,82.92,7214787,83.78,83.95,82.63,1173
10/21/2024,81.48,7550197,82.85,83.09,81.44,1174
10/22/2024,81.42,7308823,81.35,82.42,81.23,1175
10/23/2024,80.05,7253085,81.00,81.04,79.79,1176
10/24/2024,79.04,7424459,80.50,80.80,79.03,1177
10/25/2024,78.85,9385379,79.22,79.58,78.52,1178
10/28/2024,78.91,6617243,79.32,79.64,78.82,1179
10/29/2024,78.40,7241111,78.88,79.47,78.20,1180
10/30/2024,76.45,15691330,78.00,78.11,76.42,1181
10/31/2024,77.13,13990090,76.20,77.34,75.20,1182
11/1/2024,78.06,9623692,77.05,78.13,76.96,1183
11/4/2024,77.19,6593781,77.99,78.55,77.12,1184
11/5/2024,77.98,5629199,77.25,78.00,77.00,1185
11/6/2024,75.32,16193700,76.87,76.95,75.12,1186
11/7/2024,75.92,11831060,75.70,76.37,75.21,1187
11/8/2024,75.88,8140788,75.50,76.56,75.25,1188
11/11/2024,76.60,9877188,76.15,77.40,76.10,1189
11/12/2024,76.66,9013905,76.46,77.43,76.14,1190
11/13/2024,76.52,6835348,76.91,77.29,76.47,1191
11/14/2024,75.68,6991574,76.68,76.98,75.67,1192
11/15/2024,76.66,13584940,76.00,77.65,75.61,1193
11/18/2024,74.89,12609190,76.16,76.20,74.25,1194
11/19/2024,73.91,12028440,74.50,74.73,73.60,1195
11/20/2024,73.36,12290320,73.66,73.84,72.71,1196
11/21/2024,75.10,12818640,73.36,75.56,73.20,1197
11/22/2024,77.40,12248580,76.13,77.50,75.83,1198
11/25/2024,79.26,18328920,78.50,79.86,78.41,1199
11/26/2024,77.61,9495649,78.90,78.90,77.57,1200
11/27/2024,78.34,8713504,77.61,79.05,77.59,1201
11/29/2024,78.77,7123471,78.20,79.18,78.03,1202
12/2/2024,79.09,11221030,77.92,79.10,77.20,1203
12/3/2024,78.86,9414505,79.00,79.40,77.61,1204
12/4/2024,78.37,15042590,77.82,78.51,77.10,1205
12/5/2024,78.58,8316548,78.26,78.90,78.10,1206
12/6/2024,78.89,13931060,79.22,81.18,78.84,1207
12/9/2024,77.64,12043380,79.44,79.45,77.52,1208
12/10/2024,76.74,12193110,77.50,78.08,76.62,1209
12/11/2024,78.85,12033170,76.79,78.98,76.31,1210
12/12/2024,77.96,6983241,78.71,79.37,77.86,1211
12/13/2024,77.25,8037339,77.35,77.83,76.77,1212
12/16/2024,77.20,13034010,76.76,79.02,76.66,1213
12/17/2024,78.00,12452420,77.36,78.77,77.25,1214
12/18/2024,76.90,14376890,77.98,79.00,76.84,1215
12/19/2024,77.10,27067580,76.94,77.94,76.43,1216
12/20/2024,76.94,49883420,75.96,78.00,74.86,1217
12/23/2024,76.76,14203770,76.33,78.41,75.74,1218
12/24/2024,76.79,4919075,76.75,77.11,76.36,1219
12/26/2024,76.94,6367057,76.60,77.46,76.54,1220
12/27/2024,76.42,6334415,76.52,76.93,75.80,1221
12/30/2024,74.65,9042879,75.60,75.77,74.55,1222
12/31/2024,75.67,9425602,74.90,76.39,74.78,1223
1/2/2025,73.67,10883420,76.25,76.69,73.24,1224
1/3/2025,73.31,10083480,73.92,74.19,73.01,1225
1/6/2025,72.00,14947260,73.75,74.32,71.97,1226
1/7/2025,72.09,10463510,72.40,73.44,71.98,1227
1/8/2025,71.29,11854970,71.56,71.82,71.01,1228
1/10/2025,71.20,15677380,71.85,72.39,71.09,1229
1/13/2025,72.08,14584310,71.17,72.60,70.78,1230
1/14/2025,71.17,16732890,72.07,72.21,70.53,1231
1/15/2025,71.07,13468080,71.99,72.25,70.84,1232
1/16/2025,71.11,13694630,70.90,71.23,70.32,1233
1/17/2025,70.84,9711265,71.43,71.52,70.84,1234
1/21/2025,73.17,14199940,71.30,73.27,71.14,1235
1/22/2025,74.04,13029270,73.38,74.70,73.01,1236
1/23/2025,74.29,10677450,73.34,74.50,72.37,1237
1/24/2025,73.57,8106651,74.07,74.25,73.25,1238
1/27/2025,75.58,11665380,73.44,75.85,73.42,1239
1/28/2025,74.39,8694418,75.33,75.60,74.16,1240
1/29/2025,76.58,11764840,74.45,77.12,74.32,1241
1/30/2025,78.33,10902070,76.85,78.77,76.85,1242
1/31/2025,76.90,13105920,78.11,78.86,76.76,1243
2/3/2025,76.59,18539220,74.90,76.69,73.22,1244
2/4/2025,76.72,11943730,77.55,78.16,76.04,1245
2/5/2025,74.57,9807401,76.30,76.79,74.40,1246
2/6/2025,71.74,16059370,75.24,75.40,71.63,1247
2/7/2025,68.68,27428700,70.56,70.81,68.62,1248
2/10/2025,70.94,16201330,69.36,70.95,69.12,1249
2/11/2025,71.34,9636623,70.57,71.99,70.51,1250
2/12/2025,72.26,10810860,70.60,72.45,70.33,1251
2/13/2025,73.21,9739567,72.45,73.60,71.63,1252
2/14/2025,73.04,9254379,73.17,73.50,72.34,1253
2/18/2025,77.59,28252380,74.50,77.68,74.50,1254
2/19/2025,76.78,14184100,76.82,77.68,76.09,1255
2/20/2025,77.23,10689580,76.91,77.27,76.34,1256
2/21/2025,76.50,12823390,77.40,77.99,75.86,1257